Номенклатура АлгаДистрибьюшн факт;Наименование от производителя
"1ЭЭ01001 ""OMEGA 9"", тон 3.6 Баклажан / Aubergine";"Стойкая крем-краска  для волос «Éclair» с маслами ""OMEGA 9"", тон 3.6                 Баклажан / Aubergine"
"1ЭЭ01002 ""OMEGA 9"", тон 4.6 Божоле / Dark Red";"Стойкая крем-краска  для волос «Éclair» с маслами ""OMEGA 9"", тон 4.6                     Божоле / Dark Red "
"1ЭЭ01003 ""OMEGA 9"", тон 5.5 Гранат / Deep Red";" Стойкая крем-краска  для волос «Éclair» с маслами ""OMEGA 9"", тон 5.5                 Гранат  / Deep Red"
"1ЭЭ01004 ""OMEGA 9"", тон 4.5 Дикая вишня / Wild Cherry";"Стойкая крем-краска  для волос «Éclair» с маслами ""OMEGA 9"", тон 4.5                    Дикая вишня / Wild Cherry"
"1ЭЭ01005 ""OMEGA 9"", тон 10.6 Жемчужно-серебристый / Pearl Silver Blonde";"Стойкая крем-краска  для волос «Éclair» с маслами ""OMEGA 9"", тон 10.6    Жемчужно-серебристый / Pearl Silver Blonde"
"1ЭЭ01006 ""OMEGA 9"", тон 1.1 Иссиня-черный / Bluish Black";"Стойкая крем-краска  для волос «Éclair» с маслами ""OMEGA 9"", тон 1.1              Иссиня-черный / Bluish Black"
"1ЭЭ01007 ""OMEGA 9"", тон 6.3 Капучино / Medium Dark Blonde";"Стойкая крем-краска  для волос «Éclair» с маслами ""OMEGA 9"", тон 6.3             Капучино / Medium Dark Blonde"
"1ЭЭ01008 ""OMEGA 9"", тон 9.7 Карамель / Caramel";"Стойкая крем-краска  для волос «Éclair» с маслами ""OMEGA 9"", тон 9.7           Карамель / Caramel"
"1ЭЭ01009 ""OMEGA 9"", тон 4.7 Каштан / Chesnut";"Стойкая крем-краска  для волос «Éclair» с маслами ""OMEGA 9"", тон 4.7             Каштан / Chesnut "
"1ЭЭ01010 ""OMEGA 9"", тон 6.5 Махагон / Mahogany";"Стойкая крем-краска  для волос «Éclair» с маслами ""OMEGA 9"", тон 6.5               Махагон / Mahogany"
"1ЭЭ01011 ""OMEGA 9"", тон 6.7 Натуральный кофе / Coffe";"Стойкая крем-краска  для волос «Éclair» с маслоами ""OMEGA 9"", тон 6.7  Натуральный кофе / Coffe"
"1ЭЭ01012 ""OMEGA 9"", тон 5.55 Рубин / Deep Mahogany";"Стойкая крем-краска  для волос «Éclair» с маслами ""OMEGA 9"", тон 5.55                      Рубин / Deep Mahogany"
"1ЭЭ01013 ""OMEGA 9"", тон 7.0 Русый / Medium blonde";"Стойкая крем-краска  для волос «Éclair» с маслами ""OMEGA 9"", тон 7.0                       Русый / Medium blonde"
"1ЭЭ01014 ""OMEGA 9"", тон 8.0 Светло-русый / Light Blonde";"Стойкая крем-краска  для волос «Éclair» с маслами ""OMEGA 9"", тон 8.0                          Светло-русый / Light Blonde"
"1ЭЭ01015 ""OMEGA 9"", тон 3.0 Темно-каштановый / Dark Brown";"Стойкая крем-краска  для волос «Éclair» с маслами ""OMEGA 9"", тон  3.0                    Темно-каштановый / Dark Brown"
"1ЭЭ01016 ""OMEGA 9"", тон 6.0 Темно русый / Dark Blonde";"Стойкая крем-краска  для волос «Éclair» с маслами ""OMEGA 9"", тон  6.0                      Темно русый / Dark Blonde"
"1ЭЭ01017 ""OMEGA 9"", тон 1.0 Черный / Black";"Стойкая крем-краска  для волос «Éclair» с маслами ""OMEGA 9"", тон 1.0                  Черный / Black     "
"1ЭЭ01018 ""OMEGA 9"", тон 3.7 Черный шоколад / Dark chocolate";"Стойкая крем-краска  для волос «Éclair» с маслами ""OMEGA 9"", тон 3.7                    Черный шоколад / Dark chocolate"
"1ЭЭ01019 ""OMEGA 9"", тон 5.0 Шоколадный / Chocolate";"Стойкая крем-краска  для волос «Éclair» с маслами ""OMEGA 9"", тон 5.0           Шоколадный / Chocolate  "
"1ЭЭ01020 ""OMEGA 9"", тон 7.07 Ольха / Light ash blonde";"Стойкая крем-краска  для волос «Éclair» с маслами ""OMEGA 9"", тон 7.07                    Ольха / Light ash blonde "
"1ЭЭ01021 ""OMEGA 9"", тон 4.00 Каштановый / Medium Brown";"Стойкая крем-краска  для волос «Éclair» с маслами ""OMEGA 9"", тон 4.00               Каштановый / Medium Brown"
"1ЭЭ01022 ""OMEGA 9"", тон 3.3 Лесной орех / Light brown";"Стойкая крем-краска  для волос «Éclair» с маслами ""OMEGA 9"", тон 3.3                 Лесной орех / Light brown    "
"1ЭЭ01023 ""OMEGA 9"", тон 9.0 Солнечный пляж / Ultra Light ash blonde";"Стойкая крем-краска  для волос «Éclair» с маслами ""OMEGA 9"", тон 9.0                   Солнечный пляж / Ultra Light ash blonde"
"1ЭЭ01024 ""OMEGA 9"", тон 11.1 Платиновый блондин / Blatinum blonde";" Стойкая крем-краска  для волос «Éclair» с маслами ""OMEGA 9"", тон 11.1              Платиновый блондин / Blatinum blonde"
"1ЭЭ01025 ""OMEGA 9"", тон 8.7 Песчаный берег / Lightest ash blonde";"Стойкая крем-краска  для волос «Éclair» с маслами ""OMEGA 9"", тон 8.7               Песчаный берег / Lightest ash blonde"
"1ЭЭ01026 ""OMEGA 9"", тон 10.0 Блонд / Blond";"Стойкая крем-краска  для волос «Éclair» с маслами ""OMEGA 9"", тон 100                     Блонд / Blond"
"1ЭЭ01027 ""OMEGA 9"", тон 5.3 Золотистый орех / Golden nut";"Стойкая крем-краска  для волос «Éclair» с маслами ""OMEGA 9"", тон 5.3                  Золотистый орех / Golden nut"
"1ЭЭ01028 ""OMEGA 9"", тон 4.3 Золотистый кофе / Lustrous middle brown";"Стойкая крем-краска  для волос «Éclair» с маслами ""OMEGA 9"", тон 4.3                  Золотистый кофе / Lustrous middle brown"
"1ЭЭ01029 ""OMEGA 9"", тон 7.06 Ракушка / Dark ash blonde";"Стойкая крем-краска  для волос «Éclair» с маслами ""OMEGA 9"", тон 7.06               Ракушка / Dark ash blonde"
"1ЭЭ01030 ""OMEGA 9"", тон 11.6 Яркий пепельный блондин / Bright ash blonde";" Стойкая крем-краска  для волос «Éclair» с маслами ""OMEGA 9"", тон 11.6              Яркий пепельный блондин / Bright ash blonde"
"1ЭЭ01031 ""OMEGA 9"", тон 7.7 Горький шоколад / Bitter chocolate";"Стойкая крем-краска  для волос «Éclair» с маслами ""OMEGA 9"", тон 7.7                  Горький шоколад / Bitter chocolate"
"1ЭЭ01032 ""OMEGA 9"", тон 6.73 Эспрессо / Deep ash blonde";"Стойкая крем-краска  для волос «Éclair» с маслами ""OMEGA 9"", тон 6.73                 Эспрессо / Deep ash blonde"
"1ЭЭ01033 ""OMEGA 9"", тон 5.7 Какао / Cacao";"Стойкая крем-краска  для волос «Éclair» с маслами ""OMEGA 9"", тон 5.7                      Какао / Cacao"
"1ЭЭ01034 ""OMEGA 9"", тон 7.3 Золотисто русый / Golden blonde";"Стойкая крем-краска  для волос «Éclair» с маслами ""OMEGA 9"", тон 7.3                  Золотисто русый / Golden blonde"
"1ЭЭ01035 ""OMEGA 9"", тон 6.44 Медный шик / Deep copper";"Стойкая крем-краска  для волос «Éclair» с маслами ""OMEGA 9"", тон 6.44               Медный шик / Deep copper"
"1ЭЭ01036 ""OMEGA 9"", тон 11.0 Скандиновский блондин / Skandinavian blonde";"Стойкая крем-краска  для волос «Éclair» с маслами ""OMEGA 9"", тон 11.0              Скандиновский блондин / Skandinavian blonde"
"1ЭЭ01037 ""OMEGA 9"", тон 9.1 Пепельный / Very light blond ash";"Стойкая крем-краска  для волос «Éclair» с маслами ""OMEGA 9"", тон 9.1                Пепельный / Very light blond ash"
"1ЭЭ01038 ""OMEGA 9"", тон 3.70 Темный шоколад / Dark chocolate";"Стойкая крем-краска  для волос «Éclair» с маслами ""OMEGA 9"", тон 3.70                      Темный шоколад /  Dark chocolate"
"1ЭЭ01039 ""OMEGA 9"", тон 8.1 Холодный светло-русый / Blond ash";"Стойкая крем-краска  для волос «Éclair» с маслами ""OMEGA 9"", тон 8.1                   Холодный светло-русый / Blond ash"
"1ЭЭ01040 ""OMEGA 9"", тон 7.1 Холодный русый / Blond ash";"Стойкая крем-краска  для волос «Éclair» с маслами ""OMEGA 9"", тон 7.1              Холодный русый / Blond ash"
1ЭЭ01041 «3D», тон 3.65 Баклажан / Aubergine;Стойкая крем краска для волос  «Éclair» «3D», тон 3.65                                         Баклажан / Aubergine
1ЭЭ01042 «3D», тон 5.77 Шоколадный каштан / Chocolate brown;Стойкая крем краска для волос  «Éclair» «3D», тон  5.77                                      Шоколадный каштан / Chocolate brown
1ЭЭ01043 «3D», тон 4.0 Роскошный каштан / Soft dark brown;Стойкая крем краска для волос  «Éclair» «3D», тон  4.0                                       Роскошный каштан / Soft dark brown
1ЭЭ01044 «3D», тон 5.0 Шоколадный / Chocolate;Стойкая крем краска для волос  «Éclair» «3D», тон 5.0                                   Шоколадный / Chocolate
1ЭЭ01045 «3D», тон 4.75 Черный шоколад / Black chocolate;Стойкая крем краска для волос  «Éclair» «3D», тон 4.75                                         Черный шоколад / Black chocolate
1ЭЭ01046 «3D», тон 7.0 Русый / Medium blonde;Стойкая крем краска для волос  «Éclair» «3D», тон  7.0                                               Русый / Medium blonde
1ЭЭ01047 «3D», тон 6.0 Темно- русый / Dark blonde;Стойкая крем краска для волос  «Éclair» «3D», тон 6.0                                                   Темно- русый / Dark blonde
1ЭЭ01048 «3D», тон 8.0 Светло-русый / Light blonde;Стойкая крем краска для волос  «Éclair» «3D», тон  8.0                                                    Светло-русый / Light blonde
1ЭЭ01049 «3D», тон 4.56 Темная вишня / Dark cherry;Стойкая крем краска для волос  «Éclair» «3D», тон 4.56                                           Темная вишня / Dark cherry
1ЭЭ01050 «3D», тон 2.81 Иссиня черный / Bluish black;Стойкая крем краска для волос  «Éclair» «3D», тон 2.81                                                         Иссиня черный / Bluish black
1ЭЭ01051 «3D», тон 7.1 Орехово-пепельный / Ash blonde;Стойкая крем краска для волос  «Éclair» «3D», тон 7.1                                                         Орехово-пепельный / Ash blonde
1ЭЭ01052 «3D», тон 9.1 Жемчуг / Light ash blonde;Стойкая крем краска для волос  «Éclair» «3D», тон 9.1                                                     Жемчуг / Light ash blonde
1ЭЭ01053 «3D», тон 10.20 Холодный блонд / Ultra Light ash blonde;Стойкая крем краска для волос  «Éclair» «3D», тон 10.20                                                      Холодный блонд / Ultra Light ash blonde
1ЭЭ01054 «3D», тон 11.13 Жемчужный блонд / Ice blonde;Стойкая крем краска для волос  «Éclair» «3D», тон 11.13                                                  Жемчужный блонд / Ice blonde
1ЭЭ01055 «3D», тон 11.20 Слоновая кость / Ivory;Стойкая крем краска для волос  «Éclair» «3D», тон 11.20                                              Слоновая кость / Ivory
1ЭЭ01056 «3D», тон 5.3 Золотистый трюфель / Golden truffles;Стойкая крем краска для волос  «Éclair» «3D», тон 5.3                                                   Золотистый трюфель / Golden truffles
1ЭЭ01057 «3D», тон 6.3 Золотистый грильяж / Golden nougat;Стойкая крем краска для волос  «Éclair» «3D», тон 6.3                                                  Золотистый грильяж / Golden nougat
1ЭЭ01058 «3D», тон 7.3 Золотистый мускат / Golden ginger;Стойкая крем краска для волос  «Éclair» «3D», тон 7.3                                             Золотистый мускат / Golden ginger
1ЭЭ01059 «3D», тон 5.71 Какао со льдом / Iced Cocoa;Стойкая крем краска для волос  «Éclair» «3D», тон 5.71                                               Какао со льдом / Iced Cocoa 
1ЭЭ01060 «3D», тон 5.56 Темный гранат / Dark red;Стойкая крем краска для волос  «Éclair» «3D», тон 5.56                                              Темный гранат / Dark red
1ЭЭ01061 «3D», тон 7.73 Капучино / Light brown;Стойкая крем краска для волос  «Éclair» «3D», тон 7.73                                             Капучино / Light brown
1ЭЭ01062 «3D», тон 8.74 Карамель / Caramel;Стойкая крем краска для волос  «Éclair» «3D», тон 8.74                                                Карамель / Caramel
1ЭЭ01063 «3D», тон 4.65 Дикая слива / Dark cherry;Стойкая крем краска для волос  «Éclair» «3D», тон 4.65                                                    Дикая слива / Dark cherry
1ЭЭ01064 «3D», тон 4.77 Темный орех / Nut brown;Стойкая крем краска для волос  «Éclair» «3D», тон 4.77                                                  Темный орех / Nut brown
1ЭЭ01065 «3D», тон 1.0 Королевский черный / Black;Стойкая крем краска для волос  «Éclair» «3D», тон 1.0                                                Королевский черный / Black
1ЭЭ01066 «3D», тон 3.0 Темный каштан / Dark brown;Стойкая крем краска для волос  «Éclair» «3D», тон 3.0                                               Темный каштан / Dark brown 
1ЭЭ01067 «3D», тон 2.0 Драгоценный Черный агат / Ultra onux black;Стойкая крем краска для волос  «Éclair» «3D», тон 2.0                                          Драгоценный Черный агат / Ultra onux black
1ЭЭ01068 «3D», тон 5.75 Благородный опал / Icy chestnut;Стойкая крем краска для волос  «Éclair» «3D», тон 5.75                                              Благородный опал / Icy chestnut
1ЭЭ01069 «3D», тон 10.10 Серебристый блонд / Silver ultra blond;Стойкая крем краска для волос  «Éclair» «3D», тон 10.10                                               Серебристый блонд / Silver ultra blond
1ЭЭ01070 «3D», тон 10.31 Шампань / Naturlar light blonde;Стойкая крем краска для волос  «Éclair» «3D», тон 10.31                                                Шампань / Naturlar light blonde
"1ЭЭ01071 Крем краска для бровей ""ELETT"" тон 4.0 Коричневый Brown";"Крем краска для бровей ""ELETT"" тон 4.0 Коричневый / Brown"
"1ЭЭ01072 Крем краска для бровей ""ELETT"" тон 1.0 Черный Black";"Крем краска для бровей ""ELETT"" тон 1.0 Черный /Black"
"1ЭЭ01073 Оттеночный бальзам для волос ""ELETT"" clair , тон 9.1 Пепельный блонд";
"1ЭЭ01074 Оттеночный бальзам для волос ""ELETT"" clair , тон 4.65 Бордо burgundy";
"1ЭЭ01075 Оттеночный бальзам для волос ""ELETT"" clair , тон 9.16 Перламутр Nacr";
"1ЭЭ01076 Оттеночный бальзам для волос ""ELETT"" clair , тон 4.56 Спелая вишня R";
"1ЭЭ01077 Оттеночный бальзам для волос ""ELETT"" clair , тон 9.6 Жемчуг Pearl";
"1ЭЭ01078 Осветлитель для волос ""Super Blond"", в саше пакетиках Hair bleaching """;"Осветлитель для волос ""Super Blond"", в саше пакетиках /                                                Hair bleaching ""Super Blond"", sachet package "
"1ЭЭ01079 Осветлитель для волосm""Ultra Blond"" в саше пакетиках Super Hair bleach";"Осветлитель для волосm""Ultra Blond"" в саше пакетиках /                                                     Super Hair bleaching ""Ultra Blond"" , sachet package "
Номенклатура АлгаДистрибьюшн факт;Наименование от производителя
"1ЭЭ02001 Шампунь для волос ""INFRA CARE"" 900 мл питание и уход на каждый день";"Шампунь для волос ""INFRA CARE"" питание и уход на каждый день /                        Shampoo for hair ""INFRA CARE"" nutrition and care for every day"
"1ЭЭ02002 Шампунь для волос ""INFRA CARE"" 900 мл авокадо для восстановления волос";"Шампунь для волос ""INFRA CARE"" для восстановления волос /                            Shampoo for hair ""INFRA CARE"" for recovery"
"1ЭЭ02003 Шампунь для волос ""Expert"" 900 ml с маслом арганы для всех типов волос";"Шампунь для волос ""EXPERT"" с маслом арганы для всех типов волос /                       Shampoo for hair ""EXPERT"" with argan oil for all types"
"1ЭЭ02004 Шампунь для волос ""INFRA CARE"" Чеснок сила роскошных волос 900 ml";"Шампунь для волос ""INFRA CARE"" Чеснок сила роскошных волос /                            Shampoo for hair ""INFRA CARE"" Garlic the power of luxurious hair"
"1ЭЭ02005 Шампунь для волос ""EXPERT"" с маслом красного перца для жирных волос 900 ml";"Шампунь для волос ""EXPERT"" с маслом красного перца для жирных волос /                                                                                                 Shampoo for hair ""EXPERT"" with red pepper oil for oily hair"
1ЭЭ02006 Шампунь увлажняющий для волос Elett 380 ml Ванильная орхидея;Шампунь увлажняющий для волос Ванильная орхидея /                                    Moisturizing shampoo for hair Vanilla orchid
1ЭЭ02007 Шампунь унивесральный для всех типов Elett 380 ml Чувственная роза;Шампунь унивесральный для всех типов Чувственная роза /                                        Universal shampoo for all types hair Rose Sensitive
1ЭЭ02008 Шампунь питательный для волос Elett 380 ml Деликатная лилия;Шампунь питательный для волос Деликатная лилия /                                             Nutritive shampoo for hair Lily Delicate
1ЭЭ02009 Шампунь восстанавливающий для волос Elett 380 ml Ароматный жасмин;Шампунь восстанавливающий для волос Ароматный жасмин /                                        Recovery shampoo for hair  Fragrant jasmine 
1ЭЭ02010 Шампунь балансирующий для жирных волос Elett 380 ml Фиолетовый нарцисс;Шампунь балансирующий для жирных волос Фиолетовый нарцисс /                                Balancing shampoo for oily hair Daffodil & Violet
1ЭЭ02011 Шампунь для волос SPUMA 400 ml с яичным экстрактом;Шампунь для волос с яичным экстрактом / Shampoo for hair with egg yolk extract
1ЭЭ02012 Шампунь для волос SPUMA 400 ml c экстрактом зеленого чая;Шампунь для волос c экстрактом зеленого чая / Shampoo for hair with green tea extract
1ЭЭ02013 Шампунь для волос SPUMA 400 ml с маслом репейный;Шампунь для волос с маслом репейный /  Shampoo for hair with burdock oil
1ЭЭ02014 Шампунь для волос SPUMA 400 ml с экстрактом алое вера;Шампунь для волос с экстрактом алое вера / Shampoo for hair with aloe vera extract
1ЭЭ02015 Шампунь для волос SPUMA 1000 ml Козье молоко;Шампунь для волос Козье молоко / Shampoo for hair Goat milk
1ЭЭ02016 Шампунь для волос SPUMA 1000 ml Кефир;Шампунь для волос Кефир / Shampoo for hair  Kefir (Sour milk)
1ЭЭ02017 Шампунь ERSOLLE 1000 ml для нормалных волос;Шампунь для нормалных волос / Shampoo for normal hair
1ЭЭ02018 Шампунь ERSOLLE 1000 ml питание и укрепление волос;Шампунь питание и укрепление волос / Shampoo nutrition and hair strengthening
1ЭЭ02019 Шампунь ERSOLLE 1000 ml питательный для всех типов волос;Шампунь питательный для всех типов волос / Shampoo nourishing for all hair types
1ЭЭ02020 Шампунь ERSOLLE 1000 ml шоколадный для интенсивного ухода за жирными волосами;Шампунь шоколадный для интенсивного ухода за жирными волосами /                   Shampoo chocolate for intensive care for oily hair
1ЭЭ02021 Шампунь для волос INTENSIVE 410 мл;Шампунь для волос INTENSIVE «Éclair»,  405 мл / Shampoo for hair  
1ЭЭ02022 Детский шампунь HANY 240 ml с Д - пантенолом и экстрактом алоэ-вера;Детскый шампунь с Д - пантенолом и экстрактом алоэ-вера /                                                  Baby shampoo with D-panthenol and aloe vera extract
1ЭЭ02023 Детский шампунь HANY 240 ml без алергенный с экстрактом ромашки;Детскый шампунь без алергенный с экстрактом ромашки /                                                  Allergenic-free baby shampoo with chamomile extract
1ЭЭ02024 Шампунь для тусклых и ломких волос SILQUA KERATIN 230 ml;KERATIN Шампунь для тусклых и ломких волос /                                                  KERATIN Shampoo for dull and brittle hair
1ЭЭ02025 Шампунь против перхоти SILQUA ANTI DANDRUFF 230 ml;ANTI DANDRUFF Шампунь против перхоти /                                                                ANTI-DANDRUFF Anti-dandruff shampoo
"1ЭЭ02026 Шампунь для частого применения ""CAREAL"" PERFUME AROMA 1000 ml";"Шампунь для частого применения ""CAREAL"" «PERFUME AROMA» /                                                  Shampoo for frequent use ""CAREAL"" «PERFUME AROMA»"
"1ЭЭ02027 Шампунь для всей семьи ""CAREAL"" TEA TREE 1000 ml";"Шампунь для всей семьи ""CAREAL"" «TEA TREE» /                                                  Shampoo for the whole family ""CAREAL"" «TEA TREE»"
"1ЭЭ02028 Шампунь для всех типов волос ""CAREAL"" FLOWER AROMA 1000 ml";"Шампунь для всех типов волос ""CAREAL"" «FLOWER AROMA» /                                                                Shampoo for all hair types ""CAREAL"" «FLOWER AROMA»"
1ЭЭ02029 Одноразовый Восстанавливающий шампунь с Д - пантенолом 10 мл;Восстанавливающий шампунь с Д - пантенолом 10 мл  «Éclair» /                    Shampoo intensive hair restoration with D-panthenol 
1ЭЭ02030 Окрашивающий шампунь чёрный для борьбы с сединой 25 мл;Окрашивающий шампунь  чёрный для борьбы с сединой 25 мл /                          Coloring shampoo black «Éclair» is a cpecial anti gray 25 ml
1ЭЭ02031 Окрашивающий шампунь темно-коричневый для борьбы с сединой 25 мл;Окрашивающий шампунь темно-корычневый для борьбы с сединой 25 мл /                     Coloring shampoo dark brown is a cpecial anti gray 25 ml
1ЭЭ02032 Шампунь для волос 500 мл Shampoo for hair 500 ml Amfiora черный тмин;Шампун для волос 500 мл / Shampoo for hair 500 ml 
1ЭЭ02033 Шампунь мужской Двойная Сила Exxper 400 мл;"Шампунь для волос ""Двойная сила для интенсивного ухода"" 400 мл /                         Hair shampoo ""Double strength for intensive care"" 400 ml"
"1ЭЭ02034 Детский шампунь ""UPPY"" clair без сульфатов и краситилей 250 мл";"Детский шампунь ""UPPY"" «Éclair» без сульфатов и краситилей 250 мл /                     Baby shampoo ""UPPY"" «Éclair» without sulfates and dyes 250 ml"
1ЭЭ02035 шампунь Anti Yellow эффект 900 мл;
1ЭЭ02036 шампунь Ellice без сульфатный для ухода за окрашенными волосами;
1ЭЭ02037 шампунь Ellice для защиты сохранение цветы 900 мл;
1ЭЭ02038 шампунь Ellice для сухих и поврежденных волос на основе арганного масло;
1ЭЭ02039 шампунь Ellice против перхити просто 900мл;
1ЭЭ02040 шампунь Ellice для всех типов волос 900 мл;
"1ЭЭ02041 Шампунь ""BELANSA"" FAMILY 1100 ml, мягкость и зашита волос";"Шампунь для частого применения, мягкость и зашита волос ""BELANSA"" «FAMILY» / Shampoo for comfort and hydration ""BELANSA"" «FAMILY»"
"1ЭЭ02042 Шампунь ""BELANSA"" CALENDULA 1100 ml свежесть и объем волос";"Шампунь  на каждқй день, свежесть и объем волос ""BELANSA"" «CALENDULA» /                                                  Shampoo for ultra freshness ""BELANSA"" «CALENDULA»"
"1ЭЭ02043 Шампунь ""BELANSA"" OLIVE 1100 ml для увлажнения и укрепления волос";"Шампунь для увлажнения и укрепления волос ""BELANSA"" «OLIVE» /                                                                Shampoo for moisturizing care ""BELANSA"" «OLIVE»"
1ЭЭ02044 Шампунь HAIREC 730 ml для волос с аргановым маслом;"Шампунь для волос с аргановым маслом HAIREC /                                                         Shampoo for stabilization of water - lipid balance & nutrition hair HAIREC ""ARGAN OIL"""
1ЭЭ02045 Шампунь HAIREC 730 ml для волос против перхоти;"Шампунь для волос против перхоти HAIREC  /                                                                Shampoo for hair dries and regulates secretion HAIREC ""ANTI-DANDRUFF"""
1ЭЭ02046 Шампунь HAIREC 730 ml для волос c кератином;"Шампунь для волос кератиновая HAIREC /                                                                     Shampoo for shine and elasticity of hair  HAIREC ""KERATIN"""
1ЭЭ02047 Шампунь HAIREC 730 ml для волос с экстрактом чеснока;"Шампунь для волос чесночная HAIREC /                                                                          Shampoo for natural volume and shine of hair HAIREC ""GARLIC"""
1ЭЭ02048 Шампунь для волос REVITA 730 ml сила бамбука;Шампунь для волос REVITA сила бамбука / Shampoo for hair REVITA strengthens the hair structure “BAMBOO POWER”
1ЭЭ02049 Шампунь для волос REVITA 730 ml морская волна;Шампунь для волос REVITA морская волна / Shampoo for hair REVITA deeply cleanses the hair and sclap “SEA WAVE”
1ЭЭ02050 Шампунь для волос REVITA 730 ml ароматная симфония;Шампунь для волос REVITA ароматная симфония / Shampoo for hair REVITA gently cleanses and provides intensive hair care “FRAGRANT SYMPHONY”
1ЭЭ02051 Шампунь для волос REVITA 730 ml хлопковая легкость;Шампунь для волос REVITA хлопковая легкость / Shampoo for hair REVITA help restore hair structure and brings back natural shine “COTTON LIGHTNESS”
1ЭЭ02052 Шампунь для волос BRIO for men 730 ml активированный уголь;Шампунь для волос BRIO for men активированный уголь / Shampoo for hair BRIO for men deep and mild cleansing “ACTIVATED CARBON”
1ЭЭ02053 Шампунь для волос BRIO for men 730 ml прохладный и свежий;Шампунь для волос BRIO for men прохладный и свежий / Shampoo for hair BRIO for men menthol & sebum control “COOL & FRESH”
1ЭЭ02054 Шампунь для волос BRIO for men 730 ml экстремальная свежесть;Шампунь для волос BRIO for men экстримальная свежесть / Shampoo for hair BRIO for men deep cleansing and nourishment “EXTREME FRESHNESS”
1ЭЭ02055 Шампунь для волос 830 мл Amfiora черный тмин;Шампун для волос 830 мл / Shampoo for hair 830 ml 
Номенклатура АлгаДистрибьюшн факт;Наименование от производителя
1ЭЭ04001 Антибактериальное жидкое мыло ECLAIR 500 ml с экстрактом зеленого чая;Антибактериальное жидкое мыло с экстрактом зеленого чая                                                                                             Antibacterial liquid soap with green tea extract
1ЭЭ04002 Антибактериальное жидкое мыло ECLAIR 500 ml на основе экстракта киви;Антибактериальное жидкое мыло на основе экстракта киви                                                                                                Antibacterial liquid soap based on an extract of kiwi fruit
1ЭЭ04003 Антибактериальное жидкое мыло ECLAIR 500 ml с экстрактом лимона;Антибактериальное жидкое мыло с экстрактом лимона                                                            Antibacterial liquid soap lemon extract
1ЭЭ04004 Антибактериальное жидкоe мылo ECLAIR 500 ml на основе экстракта ромашки;Антибактериальное жидкоe мылo на основе экстракта ромашки                     Antibacterial liquid soap based on chamomile extract
1ЭЭ04005 Антибактериальное жидкоe мылo ECLAIR 500 ml с экстрактом яблока;Антибактериальное жидкоe мылo с экстрактом яблока                                                                                                   Antibacterial liquid soap with apple extract 
1ЭЭ04006 Жидкое крем-мыло SILQUA 830 ml Сказочная Роза;Жидкое крем-мыло SILQUA ECLAIR  Сказочная Роза                                                                                             Liquid cream soap SILQUA ECLAIR Fairytale Rose
1ЭЭ04007 Жидкое крем-мыло SILQUA 830 ml Спелая вишня;Жидкое крем-мыло SILQUA ECLAIR  Спелая вишня                                                                                                Liquid cream soap SILQUA ECLAIR Ripe cherry
1ЭЭ04008 Жидкое крем-мыло SILQUA 830 ml Ежевика и черника;Жидкое крем-мыло SILQUA ECLAIR  Ежевика и черника                                                          Liquid cream soap SILQUA ECLAIR Blackberry and blueberry
1ЭЭ04009 Жидкое крем-мыло SILQUA 830 ml Голубая Орхидея;Жидкое крем-мыло SILQUA ECLAIR  Голубая Орхидея                                               Liquid cream soap SILQUA ECLAIR Blue Orchid
1ЭЭ04010 Жидкое крем-мыло SILQUA 830 ml Масло Оливы;Жидкое крем-мыло SILQUA ECLAIR  Масло Оливы                                                                                                   Liquid cream soap SILQUA ECLAIR Olive Oil
1ЭЭ04011 Жидкое крем-мыло SILQUA 830 ml Солнечный цитрус;Жидкое крем-мыло SILQUA ECLAIR  Солнечный цитрус                                                                                               Liquid cream soap SILQUA ECLAIR Sunny citrus
1ЭЭ04012 Жидкое крем-мыло SILQUA 830 ml Нежное Алоэ;Жидкое крем-мыло SILQUA ECLAIR  Нежное Алоэ                                                            Liquid cream soap SILQUA ECLAIR Gentle Aloe
1ЭЭ04013 Жидкое крем-мыло SILQUA 830 ml Нежный уход;Жидкое крем-мыло SILQUA ECLAIR  Нежный уход                                                Liquid cream soap SILQUA ECLAIR Gentle care
1ЭЭ04014 Жидкое крем-мыло SILQUA 830 ml Антибактерин;Жидкое крем-мыло SILQUA ECLAIR  Антибактерин                                                                                                   Liquid cream soap SILQUA ECLAIR Antibacterial
1ЭЭ04015 Твердое мыло ECLAIR 70 гр 1*5 Природная свежесть;Туалетные мыла «Éclair»  70 г  / Toilet soaps «Éclair»
1ЭЭ04016 Твердое мыло ECLAIR 140 гр Баланс и гладкость;Баланс и гладкость / Balance and smoothness
1ЭЭ04017 Твердое мыло ECLAIR 140 гр Природная свежесть / Natural freshness;Природная свежесть / Natural freshness 
1ЭЭ04018 Твердое мыло ECLAIR 140 гр Бархатистая кожа / Velvety skin;Бархатистая кожа / Velvety skin
1ЭЭ04019 Твердое мыло ECLAIR 140 гр Элегатная мягкость/Elegant softness;Элегантная мягкост / Elegant softness     
1ЭЭ04020 Твердое мыло ECLAIR 140 гр Роскошная нежность / Luxurious tenderness;Роскошная нежность / Luxurious tenderness 
1ЭЭ04021 Твердое мыло ECLAIR 140 гр Насыщенное увлажнение / Saturated hydration;Насыщенное увлажнение / Saturated hydration 
1ЭЭ04022 Твердое мыло ECLAIR 140 гр Освежающее/ Refresh;Освежающее / Refresh
1ЭЭ04023 Твердое мыло ECLAIR 170 гр Свежесть Refresh;Свежесть / Refresh 
1ЭЭ04024 Твердое мыло ECLAIR 170 гр Мечты ангелов Angels dream;Мечты ангелов / Angels  dream
1ЭЭ04025 Твердое мыло ECLAIR 170 гр Небесная свежесть Cool blue;Небесная свежесть / Cool blue
1ЭЭ04026 Твердое мыло ECLAIR 170 гр Роскошный объем Luxurious volume;Роскошный объем / Luxurious volume
1ЭЭ04027 Твердое мыло ECLAIR 170 гр Сила чистоты Pure Strike;Сила чистоты / Pure Strike
1ЭЭ04028 Твердое мыло ECLAIR 170 гр Сказочная свежесть Dreamy violette blush;Сказочная свежесть / Dreamy violette blush
1ЭЭ04029 Твердое мыло ECLAIR 170 гр Безупречная чистота Pure cleance;Безупречная чистота / Pure cleance
1ЭЭ04030 Твердое мыло SILQUA 140 гр Нежная роза Gentle Rose;Нежная роза / Gentle Rose  
1ЭЭ04031 Твердое мыло SILQUA 140 гр Алоэ вера Aloe Vera;Алоэ вера / Aloe Vera 
1ЭЭ04032 Твердое мыло SILQUA 140 гр Морской мир Sea World;Морской мир / Sea World 
1ЭЭ04033 Твердое мыло SILQUA 140 гр Огуречный Cucumber;Огуречный / Cucumber
"1ЭЭ04034 Твердое мыло ""BARG"" 175 гр 1*4 Универсальное хозяйственное мыло";"Универсальное хозяйственное мыло «Éclair» ""BARG"" 175 гр  /                          Universal Laundry soap «Éclair» ""BARG"""
1ЭЭ04035 Твердое мыло ECLAIR 90 гр Нежность и Комфорт;Нежность и комфорт / Tenderness and comfort 
1ЭЭ04036 Твердое мыло ECLAIR 90 гр Ощущение свежести;Ощущение свежести / Feeling of freshness 
1ЭЭ04037 Твердое мыло ECLAIR 90 гр Питание и увлажнение;Питание и увлажнение / Nutrition and humidification 
1ЭЭ04038 Твердое мыло ECLAIR 90 гр Cоблазнительное мягкость;Соблазнительная мягкость / Seductive softness 
1ЭЭ04039 Твердое мыло ECLAIR 90 гр Cпециальное питательное;Специальное питательное / Special nutritious 
1ЭЭ04040 Твердое мыло ECLAIR 90 гр Лаймовый всплеск;Лаймовый всплеск / Lime splash 
1ЭЭ04041 Твердое мыло ECLAIR 90 гр Естестевнное увлажнение;Естественное увлажнение / Natural hydration
1ЭЭ04042 Жидкое крем-мыло SILQUA 830 ml Сочный персик;Жидкое крем-мыло SILQUA ECLAIR  Сочный персик                                                            Liquid cream soap SILQUA ECLAIR Juice Peach
1ЭЭ04043 Твердое мыло SILQUA 140 гр Персик / Peach;Персик / Peach
Номенклатура АлгаДистрибьюшн факт;Наименование от производителя
"1ЭЭ03001 Бальзам для волос ""INFRA CARE"" 900 ml для восстановления с маслом авокадо";"Бальзам для волос ""INFRA CARE"" для восстановления с маслом авокадо  /                                Hair balm ""INFRA CARE"" for recovery with avocado oil"
1ЭЭ03002 Бальзам - ополаскиватель для волос SPUMA 240 ml Зеленый чай;Бальзам - ополаскиватель для волос Зеленый чай / Balm - conditioner for hair Green tea 
1ЭЭ03003 Бальзам - ополаскиватель для волос SPUMA 240 ml Алоэ Вера;Бальзам - ополаскиватель для волос Алоэ Вера  / Balm - hair conditioner Aloe Vera 
1ЭЭ03004 Бальзам - ополаскиватель для волос SPUMA 240 ml Репейный;Бальзам - ополаскиватель для волос Репейный / Balm - hair conditioner Burdock 
1ЭЭ03005 Бальзам - ополаскиватель для волос SPUMA 240 ml Яичный;Бальзам - ополаскиватель для волос Яичный / Balm - conditioner for hair Egg 
1ЭЭ03006 Бальзам - ополаскиватель для волос SPUMA 500 ml Козье молоко;Бальзам - ополаскиватель для волос Козье молоко (для интенсивного укрепления ломких волос) / Balm - conditioner for hair Goat milk (for intensive strengthening of brittle hair)
1ЭЭ03007 Бальзам - ополаскиватель для волос SPUMA 500 ml Кефир;Бальзам - ополаскиватель для волос Кефир (с мультивитаминами для любого типа волос) / Balm - conditioner for hair Kefir (with multivitamins for any type of hair)
1ЭЭ03008 Бальзам - ополаскиватель для волос SPUMA 500 ml Зеленый чай;Бальзам - ополаскиватель для волос Зеленый чай (для чувствительной кожи головы и хрупких волос) / Balm - conditioner for hair Green tea (for sensitive scalp and fragile hair)
1ЭЭ03009 Бальзам - ополаскиватель для волос SPUMA 500 ml Алоэ Вера;Бальзам - ополаскиватель для волос Алоэ & Витамин Е (для жирных и проблемных волос) / Balm - hair conditioner Aloe & Vitamin E (for oily and problematic hair)
1ЭЭ03010 Бальзам - ополаскиватель для волос SPUMA 500 ml Репейный;Бальзам - ополаскиватель для волос Репейный (с витаминами А и Е) / Balm - hair conditioner Burdock (with vitamins A and E)
1ЭЭ03011 Бальзам - ополаскиватель для волос SPUMA 500 ml Яичный;Бальзам - ополаскиватель для волос Яичный (для укрепления тонких и поврежденных волос) / Balm - conditioner for hair Egg (for strengthening thin and damaged hair)
1ЭЭ03012 Бальзам ERSOLLE 500 ml для нормалных волос;Бальзам для нормалных волос / Balm for normal hair
1ЭЭ03013 Бальзам ERSOLLE 500 ml питание и укрепление волос;Бальзам питание и укрепление волос / Balm hair nutrition and hair strengthening
1ЭЭ03014 Бальзам ERSOLLE 500 ml питательный для всех типов волос;Бальзам питательный для всех типов волос / Balm nutritive for all hair types
1ЭЭ03015 Бальзам ERSOLLE 500 ml шоколодный для интенсивного питания и ухода за волосами;Бальзам шоколодный  для интенсивного питания и ухода за волосами /                       Balm chocolate for intensive nutrition and hair care
1ЭЭ03016 Бальзам для волос AMFIORA 500 ml Черный тмин;Бальзам для волос 500 мл / Hair balm 500 ml 
1ЭЭ03017 Бальзам мужской EXXPER 240 ml для поврежденных волос;Бальзам-ополаскиватель для поврежденных и туслых волос 240 мл  /                             Balm -conditioner for damaged and dull hair 240 ml
1ЭЭ03018 Бальзам для волос REVITA 710 ml бамбуковый уход;"Бальзам для волос REVITA бамбуковый уход / Hair balm REVITA intensively nourishes and helps restore hair structure ""BAMBOO CARE"""
1ЭЭ03019 Бальзам для волос REVITA 710 ml морской прибой;Бальзам для волос REVITA  морской прибой / Hair balm REVITA supports the hair restoration process “SEA SURF”
1ЭЭ03020 Бальзам для волос REVITA 710 ml цветочная роскошь;"Бальзам для волос REVITA  цветочная роскошь / Hair balm REVITA nourishes and helps restore the water-lipid balance ""FLOWER LUXURY"""
1ЭЭ03021 Бальзам для волос REVITA 710 ml хлопковый блеск;Бальзам для волос REVITA  хлопковый блеск / Hair balm REVITA helps retain moisture within the hair structure “COTTON SHINE”
Номенклатура АлгаДистрибьюшн факт;Наименование от производителя
1ЭЭ05001 Пенка для умывания лица в тубах AMFIORA 180 мл;Пенка для умывания лица в тубах по 180 мл / Face foam cleancer 180 ml in tubes
1ЭЭ05002 Скраб для лица в тубах AMFIORA 150 мл;Скраб для лица, в тубах по 150 мл / Face scrub 150 ml in tubes
1ЭЭ05003 Крем для депиляции в тубах AMFIORA 100 мл;Крем для депиляции в тубах по 100 мл / Depilatory cream 100 ml in tubes
1ЭЭ05004 Крем для лица в баночках AMFIORA 150 мл;Крем для лица в баночках по 150 мл / Face cream 150 ml in jars
1ЭЭ05005 Крем для рук в баночках AMFIORA 150 мл;Крем для рук в баночках  по 150 мл / Hand cream 150 ml in jars
1ЭЭ05006 Крем для ног в баночках AMFIORA 75 мл;Крем для ног в баночках 75 мл / Foot cream 75 ml in jars
"1ЭЭ05007 Гель для душа Exxper 250 мл ""Комфортное очищение для волос и тела""";"Гель для душа ""Комфортное очищение для волос и тела"" 250 мл /                              Shower gel ""Comfortable cleansing for hair and body"" 250 ml"
"1ЭЭ05008 Бальзам после бритья Exxper 140 мл ""Увлажнение и питание""";"Бальзам после бритья ""Увлажнение и питание"" 140 мл /                                                After shave balm ""Moisturizing and nutrition"" 140 ml "
"1ЭЭ05009 Масло сыворотка для волос ""ELETT"" 100 мл";"Масло сыворотка для волос ""ELETT""  «Éclair» 100мл /                                                      Hair Serum oil for hair ""ELETT"" «Éclair»"
1ЭЭ05010 Мицеллярная вода ELETT 400 мл С аллантоином;Мицеллярная вода С аллантоином 400 мл / Micellar water with allantoin 400 ml
1ЭЭ05011 Мицеллярная вода ELETT 400 мл Экстракт алоэ;Мицеллярная вода Экстракт алоэ 400 мл / Micellar water aloe extract 400 ml
1ЭЭ05012 Мицеллярная вода ELETT 400 мл Экстракт розы;Мицеллярная вода Экстракт розы  400 мл / Micellar water rose extract 400 ml
1ЭЭ05013 Мицеллярная вода ELETT 400 мл Молочный протеин;Мицеллярная вода Молочный протеин  400 мл / Micellar water milk protein 400ml
1ЭЭ05014 Мицеллярная вода ELETT 200 мл Экстракт розы;Мицеллярная вода Экстракт розы  200 мл / Micellar water rose extract 200 ml
1ЭЭ05015 Мицеллярная вода ELETT 200 мл С аллантоином;Мицеллярная вода С аллантоином 200 мл / Micellar water with allantoin 200 ml
1ЭЭ05016 Кондиционер Hair Gloss 200 мл Дикая роза Wild rose;Дикая роза / Wild rose
1ЭЭ05017 Кондиционер Hair Gloss 200 мл Изумруд Emerald;Изумруд / Emerald
1ЭЭ05018 Кондиционер Hair Gloss 200 мл Модный стиль Fashion style;Модный стиль / Fashion style
1ЭЭ05019 Кондиционер Hair Gloss 200 мл Романтический закат Romantic sunset;Романтический закат / Romantic sunset
1ЭЭ05020 Кондиционер Hair Gloss 200 мл Лавандовый рай Lavender paradeise;Лавандовый рай / Lavender paradeise
1ЭЭ05021 Лосьон спрей для тела Milori 90 мл Parfume splash;Parfume splash
1ЭЭ05022 Лосьон спрей для тела Milori 90 мл Nature relax;Nature relax
1ЭЭ05023 Лосьон спрей для тела Milori 90 мл Aqua kiss;Aqua kiss
1ЭЭ05025 Крем для бритья BRIO 75 мл Охлаждающий эффект;
1ЭЭ05026 Крем после бритья BRIO 50 мл Охлаждающий эффект;"Крем для бритья BRIO for men гладкая и чистая кожа ""ОХЛАЖДАЮЩИЙ ЭФФЕКТ С ВИТАМИНОМ Е"" охлаждающий эффект с витамином Е / Shaving cream BRIO for men «Éclair» 75 mlin tubes"
1ЭЭ05027 Крем для лица ECLAIR 44 ml с экстрактом ОГУРЦА;"Крем после бритья BRIO for men увлажнение и питание кожи ""ОХЛАЖДАЮЩИЙ И ТОНИЗИРУЮЩИЙ"" /  After shave cream BRIO for men «Éclair» 50 ml in tubes"
1ЭЭ05028 Крем для лица ECLAIR 44 ml КОЗЬЕ МОЛОКО;Крем для лица с экстрактом ОГУРЦА   / Face cream with CUCUMBER extract 
1ЭЭ05029 Крем для лица ECLAIR 44 ml с экстрактом ПЕТРУШКИ;Крем для лица КОЗЬЕ МОЛОКО / Face cream with GOAT MILK extract 
1ЭЭ05030 Крем для рук ECLAIR 44 ml с экстрактом ЯБЛОКА;Крем для лица с экстрактом ПЕТРУШКИ  / Face cream with PARSLEY extract
1ЭЭ05031 Крем для рук ECLAIR 44 ml с экстрактом ВИНОГРАД;Крем для рук с экстрактом ЯБЛОКА  / Hand cream with APPLE extract 
1ЭЭ05032 Крем для рук ECLAIR 44 ml ВЕЛЮР с экстрактом РОМАШКИ;Крем для рук с экстрактом ВИНОГРАД  / Hand cream with GRAPE extract
1ЭЭ05033 Крем для рук ECLAIR 44 ml СИЛИКОНОВЫЙ;Крем для рук ВЕЛЮР с экстрактом РОМАШКИ / Hand cream VELOR with chamomile extract
1ЭЭ05034 Крем детский ECLAIR 44 ml ЗАЩИТНЫЙ;Крем для рук СИЛИКОНОВЫЙ  / Hand cream SILICON
1ЭЭ05035 Крем детский ECLAIR 44 ml ВЕСЕЛЫЙ ТЕРЕМОК;Крем детский ЗАЩИТНЫЙ / Baby cream PROTECTIVE
1ЭЭ05036 Крем для ног ECLAIR 44 ml с экстрактом ЗЕЛЁНОГО ЧАЯ;Крем детский  ВЕСЕЛЫЙ ТЕРЕМОК / Baby cream FUNNY TEREMOK
"1ЭЭ05037 Крем-депилятор ECLAIR 125 мл ""Гладкий шелк""";Крем для ног  с экстрактом ЗЕЛЁНОГО ЧАЯ (заживляющий трещины)   / Foot cream with GREEN TEE extract (to heal cracked foot) 
"1ЭЭ05038 Крем-депилятор ECLAIR 125 мл ""Деликатный""";"Крем-депилятор ""Гладкий шелк"" / Cream - depilatory ""Silky smooth"""
"1ЭЭ05039 Крем-депилятор ECLAIR 75 мл ""АЛОЕ ВЕРА""";"Крем-депилятор ""Деликатный"" / Cream - depilatory ""Delicate"""
"1ЭЭ05040 Крем-депилятор ECLAIR 75 мл ""РОМАШКА""";"Крем-депилятор ""АЛОЕ ВЕРА"" / Depilatory cream ""ALOE VERA"" "
"1ЭЭ05041 Средство химической завивки для волос ECLAIR 100 ml ""Extra LOCK ON""";"Крем-депилятор ""РОМАШКА"" / Depilatory cream ""CHAMOMILE"""
"1ЭЭ05042 Средство для химимической завивки ECLAIR 240 мл ""Extra LOCK ON""";"Средство химической завивки для волос ""Extra LOCK ON"" «Éclair» (средство -  полимерный флакон 100мл, фиксирующая эмульсия -  полимерный флакон 100мл, губка и косынка) / Curling Perm ""Extra LOCK ON"" «Éclair» (means - polymer bottle 100ml, fixing emulsion - polymer bottle 100ml, sponge ans scarf)"
1ЭЭ05043 Мицеллярная вода ELETT 200 мл;"Средство для химимической завивки «Éclair» ""Extra LOCK ON"", 240 мл  /                   Curling Perm «Éclair» ""Extra LOCK ON"", 240 ml "
1ЭЭ05044 Маска Ellice Anti Yellow Efect 500 мл;
1ЭЭ05045 Маска Ellice для поврежденных волос маслом арганы 1000 мл;
1ЭЭ05046 Бальзам Ellice для защиты сохранение цвета 900 мл;
1ЭЭ05047 Бальзам Ellice для выравнивание структуры волос 900 мл;
1ЭЭ05048 Бальзам Ellice для увлажнение и питание 900 м;
1ЭЭ05049 Бальзам Ellice с эффектом анти-желтизны 240 мл;
1ЭЭ05050 Маска Ellice для поврежденных волос маслом арганы 500 мл;
1ЭЭ05051 Гель для душа Elett 250 мл;
1ЭЭ05051 шампунь Ellice для жирных волос 900 мл;
1ЭЭ05052 Гель для душа REVITA 730 ml волшебство цветов;Гель для душа REVITA  волшебство цветов / Body wash REVITA creates a unique sensation of freshnass and vitality “FLOWERS MAGIC”
1ЭЭ05053 Гель для душа REVITA 730 ml энергия хлопка;Гель для душа REVITA энергия хлопка / Body wash REVITA restores the water-lipid balance and retains natural moisture “COTTON ENERGY”
1ЭЭ05054 Гель для душа REVITA 730 ml бамбуковая гармония;Гель для душа REVITA  бамбуковая гармония / Body wash REVITA energizes and does not dry the skin “BAMBOO HARMONY”
1ЭЭ05055 Гель для душа BRIO for men 730 ml активированный уголь;"Гель для душа BRIO for men  активированный уголь / Body wash  BRIO for men water - lipid balance & natural moisture  ""ACTIVATED CARBON"""
1ЭЭ05056 Гель для душа BRIO for men 730 ml прохладный и свежий;"Гель для душа BRIO for men  прохладный и свежий / Body wash BRIO for men  coolness & a stylish aroma ""COOL & FRESH"""
1ЭЭ05057 Гель для душа BRIO for men 730 ml экстримальная свежесть;"Гель для душа BRIO for men экстримальная свежесть / Body wash BRIO for men stylish aroma & long lasting freshness ""EXTREME FRESHNESS"""
"1ЭЭ05058 Крем для бритья BRIO for men 75 ml анти-раздражения ""ТОНИЗИРУЮЩИЙ""";"Крем для бритья BRIO for men анти-раздражения ""ТОНИЗИРУЮЩИЙ ДЛЯ ЧУВСТВИТЕЛЬНОЙ КОЖИ"" /                                                                              Shaving cream BRIO for men «Éclair» 75 mlin tubes"
"1ЭЭ05059 Крем для бритья BRIO for men 75 ml интенсивное очищение ""С АКТИВИРОВАННЫМ""";"Крем для бритья BRIO for men интенсивное очищение ""С АКТИВИРОВАННЫМ УГЛЕМ"" / Shaving cream BRIO for men «Éclair» 75 mlin tubes"
"1ЭЭ05060 Крем после бритья BRIO for men 50 ml анти-раздражения ""УСПОКАИВАЮЩИЙ""";"Крем после бритья BRIO for men анти-раздражения ""УСПАКАИВАЮЩИЙ ДЛЯ ЧУВСТВИТЕЛЬНОЙ КОЖИ"" / After shave cream BRIO for men «Éclair» 50 ml in tubes"
"1ЭЭ05061 Крем после бритья BRIO for men 50 ml мягкая и чистая кожа ""С АКТИВИРОВАННЫМ""";"Крем после бритья BRIO for men мягкая и чистая кожа ""С АКТИВИРОВАННЫМ УГЛЕМ"" / After shave cream BRIO for men «Éclair» 50 ml in tubes"
Номенклатура АлгаДистрибьюшн факт;Наименование от производителя
"1ЭЭ09001 Детское масло ""UPPY"" 160 мл для чуствительной кожи";"Детское масло ""UPPY"" «Éclair» для чуствительной кожи 160 мл /                                                                                    Baby oil ""UPPY""«Éclair»  for sensitive skin 160 ml"
"1ЭЭ09002 Детский крем ""UPPY"" 60 мл гипоаллергеенный";"Детский крем ""UPPY"" «Éclair» гипоаллергеенный 60 мл /                                                 Baby cream ""UPPY"" «Éclair» hypoallergenic 60 ml"
"1ЭЭ09003 Детская присипка ""UPPY"" 100 мл сохряняет сухость кожи";"Детская пресипка ""UPPY"" «Éclair» сохряняет сухост кожи 100 мл /                                 Baby powder ""UPPY"" ""Éclair"" keeps the skin dry 100 ml"
"1ЭЭ09004 Десткое туалетное мыло ""UPPY"" 90 гр не раздражает кожу";"Десткое туалетное мыло ""UPPY"" «Éclair» не раздражает кожу 90 гр /                                                                                                                     Baby soap ""UPPY"" ""Éclair"" does not irritate the skin 90 gr"
Номенклатура АлгаДистрибьюшн факт;Наименование от производителя
1ЭЭ06001 Освежитель воздуха SILQUA 400 мл ФРУКТОВЫЙ МИКС;ФРУКТОВЫЙ МИКС / FRUIT MIX
1ЭЭ06002 Освежитель воздуха SILQUA 400 мл ТЫСЯЧА И ОДНА НОЧЬ;ТЫСЯЧА И ОДНА НОЧЬ / THOUSAND AND ONE NIGHTS
1ЭЭ06003 Освежитель воздуха SILQUA 400 мл ЙОГУРТ С ЕЖЕВИКОЙ;ЙОГУРТ С ЕЖЕВИКОЙ / YOGURT WITH BLACKBERRY
1ЭЭ06004 Освежитель воздуха SILQUA 400 мл ДЫХАНИЕ ВОДОПАДА;ДЫХАНИЕ ВОДОПАДА / BREATH OF A WATERFALL
1ЭЭ06005 Освежитель воздуха SILQUA 400 мл БЕЛАЯ РОЗА;БЕЛАЯ РОЗА / WHITE ROSE
1ЭЭ06006 Освежитель воздуха SILQUA 400 мл ГОРНАЯ ЛАВАНДА;ГОРНАЯ ЛАВАНДА / MOUNTAIN LAVENDER
1ЭЭ06007 Освежитель воздуха SILQUA 400 мл ЦИТРУСОВАЯ СВЕЖЕСТЬ;ЦИТРУСОВАЯ СВЕЖКСТЬ / CITRUS FRESHNESS
1ЭЭ06008 Освежитель воздуха SILQUA 400 мл ЯБЛОНЕВЫЙ САД СПРЕЙ;ЯБЛОНЕВЫЙ САД СПРЕЙ / APPLE ORCHARD SPRAY
1ЭЭ06009 Освежитель воздуха SILQUA 400 мл ЛЕТНИЙ ДОЖДЬ;ЛЕТНИЙ ДОЖДЬ / APPLE ORCHARD SPRAY
1ЭЭ06010 Освежитель воздуха SILQUA 400 мл ОСТРОВ МАЛЬДИВЫ;ОСТРОВ МАЛЬДИВЫ / ISLAND MALDIVES
1ЭЭ06011 Освежитель воздуха SILQUA 400 мл АНТИТАБАК;АНТИТАБАК / ANTI-TOBACCO
1ЭЭ06012 Освежитель воздуха SILQUA 400 мл СПЕЛОЕ МАНГО;СПЕЛОЕ МАНГО / RIPE MANGO
"1ЭЭ06013 Средство для мытья посуды BARG 500 мл ""Лимон""";"Средство для мытья посуды ""Лимон"" 500 мл / Dishwashing liquid ""Lemon"" 500 ml"
"1ЭЭ06014 Средство для мытья посуды BARG 500 мл ""Яблоко""";"Средство для мытья посуды ""Яблоко"" 500 мл / Dishwashing liquid ""Apple"" 500 ml"
1ЭЭ06015 Средство для очистки стекол и зеркал BARG 500 мл;Средство для очистки стекол и зеркал 500 мл / Glass and mirror cleaner 500 ml
1ЭЭ06016 Универсальное средство для кухни BARG 500 мл;Универсальное средство для кухни 500 мл / Universal kitchen cleaner 500 ml
"1ЭЭ06017 Средство для удаления жира, нагара и копоти BARG 500 мл ""Анти-жир Чистый казан""";"Средство для удаления жира, нагара и копоти ""Анти-жир Чистый казан"" 500 мл  / Grease, soot and soot remover ""Анти-жир Чистый казан""  500 ml"
1ЭЭ06018 Стирки для белых тканей BARG 1500 ml;Стирки для белых тканей 1500 мл / For washing white fabrics 1500 ml
1ЭЭ06019 Стирки для темных тканей BARG 1500 ml;Стирки для темных тканей 1500 мл / For washing dark fabrics 1500 ml
1ЭЭ06020 Стирки цветных тканей BARG 1500 ml;Стирки цветных тканей 1500 мл / For washing colored fabrics 1500 ml
